,num_nan,sim_perc
0,82,18.425500000000007
1,82,18.067000000000007
2,82,56.30899999999999
3,88,33.32071428571428
4,0,86.11107843137255
5,82,7.666499999999999
6,82,11.8255
7,6,49.53489583333328
8,1,85.62108910891091
9,6,84.12520833333333
10,6,83.66239583333335
11,6,84.48343750000001
12,6,84.02062500000004
13,6,85.79958333333339
14,6,85.620625
15,6,85.32583333333342
16,6,87.15781249999998
17,6,86.97875000000003
18,1,85.48475247524752
19,6,90.71510416666672
20,6,89.59875
21,6,88.81020833333325
22,6,87.69385416666671
23,6,87.10562500000003
24,6,87.68479166666661
25,0,83.29343137254902
26,6,89.96906249999999
27,6,89.3898958333333
28,6,88.77197916666658
29,1,82.79188118811885
30,6,86.63916666666665
31,6,86.34385416666663
32,6,86.88114583333335
33,6,88.1566666666666
34,6,88.51499999999999
35,0,85.88990196078431
36,6,91.18927083333337
37,6,89.35729166666664
38,1,81.2430693069306
39,6,84.8078125
40,6,86.3348958333333
41,6,85.23989583333336
42,1,86.61613861386135
43,6,89.08333333333333
44,6,91.36749999999996
45,6,91.35489583333332
46,6,92.35645833333326
47,6,92.44999999999992
48,6,92.69291666666653
49,6,91.43968749999998
50,6,92.31364583333327
51,6,91.68156249999993
52,6,91.91343749999994
53,6,92.55552083333328
54,6,92.7872916666666
55,6,93.02927083333321
56,6,93.02927083333321
57,0,88.14696078431362
58,0,87.94049019607841
59,6,92.87197916666663
60,0,87.93705882352941
61,1,88.83841584158417
62,6,89.51333333333332
63,6,89.37656249999998
64,6,89.7765625
65,6,89.81843749999996
66,6,89.8817708333333
67,6,89.47124999999998
68,6,89.48177083333331
69,6,90.35562499999996
70,6,88.48104166666663
71,6,89.66020833333333
72,6,90.7975
73,6,90.67124999999999
74,6,90.96562499999997
75,6,90.56510416666664
76,6,91.68145833333328
77,6,91.97666666666667
78,6,86.76447916666666
79,6,87.406875
80,6,87.42802083333332
81,6,88.07010416666662
82,6,87.94406249999996
83,6,88.60739583333327
84,6,87.9652083333333
85,6,90.21791666666668
86,6,91.4385416666666
87,6,92.55489583333322
88,6,92.19677083333328
89,6,92.01770833333332
90,6,92.26010416666664
91,6,91.84958333333329
92,6,92.08114583333328
93,6,91.77593749999996
94,6,91.80749999999996
95,6,91.76541666666661
96,6,91.92322916666662
97,6,91.76541666666662
98,6,91.76541666666662
99,0,87.93137254901958
100,6,92.73395833333329
101,0,87.9348039215686
102,6,13.912708333333336
103,6,12.95510416666667
104,6,19.129062499999996
105,6,18.979791666666667
106,6,19.101249999999997
107,6,19.101249999999997
108,6,21.03229166666667
109,6,19.594687499999996
110,6,21.03229166666667
111,6,19.594687499999996
112,6,21.045416666666664
113,6,19.620625
114,6,21.03229166666667
115,6,19.594687499999996
116,6,21.045416666666664
117,6,19.620625
118,6,21.03229166666667
119,6,19.594687499999996
120,6,21.045416666666664
121,6,21.03229166666667
122,6,19.594687499999996
123,6,19.5684375
124,6,19.5684375
125,6,19.5684375
126,6,19.5684375
127,6,19.5684375
128,6,19.5684375
129,6,19.5684375
130,6,19.5684375
131,6,19.655312499999997
132,6,21.03229166666667
133,6,19.594687499999996
134,6,21.045416666666664
135,6,21.045416666666664
136,6,21.045416666666664
137,6,21.045416666666664
138,6,21.045416666666664
139,6,21.045416666666664
140,6,21.045416666666664
141,6,21.045416666666664
142,6,21.091666666666665
143,6,21.091666666666665
144,6,21.091666666666665
145,6,21.091666666666665
146,6,21.091666666666665
147,6,21.091666666666665
148,6,21.091666666666665
149,6,21.091666666666665
150,6,21.091666666666665
151,6,17.597708333333333
152,6,21.091666666666665
153,6,19.688124999999996
154,6,19.688124999999996
155,6,21.091666666666665
156,6,21.091666666666665
157,6,19.688124999999996
158,6,21.111458333333335
159,6,19.688124999999996
160,6,21.091666666666665
161,6,19.688124999999996
162,6,21.091666666666665
163,6,19.688124999999996
164,6,21.091666666666665
165,6,19.688124999999996
166,6,19.688124999999996
167,6,21.091666666666665
168,6,21.091666666666665
169,6,19.688124999999996
170,6,21.091666666666665
171,6,19.688124999999996
172,7,14.133368421052618
173,7,14.167368421052617
174,7,12.447578947368427
175,7,14.135894736842086
176,95,11.744285714285713
177,7,15.727157894736814
178,7,15.755368421052605
179,7,14.216842105263138
180,7,14.193473684210508
181,102,
182,102,
183,102,
184,102,
185,7,14.215999999999983
186,95,16.39
187,7,14.168526315789459
188,95,17.86
189,7,15.785263157894708
190,95,14.180000000000003
191,7,15.716736842105233
192,95,14.168571428571429
193,95,14.069999999999997
194,7,15.763263157894713
195,95,14.04857142857143
196,95,14.04857142857143
197,102,
198,1,15.835841584158416
199,102,
200,6,25.551666666666662
201,7,7.681473684210535
202,1,7.411584158415828
203,7,12.042736842105255
204,7,5.872842105263155
205,1,25.673663366336644
206,89,0.0
207,95,8.0
208,89,3.263076923076923
209,89,0.0
210,89,0.0
211,89,0.0
212,89,4.894615384615386
213,89,0.0
214,89,0.0
215,89,0.0
216,89,5.766923076923077
217,89,0.0
218,89,0.0
219,95,12.0
220,95,30.0
221,95,12.0
222,95,12.0
223,95,12.0
224,95,30.0
225,95,12.0
226,95,30.0
227,95,12.0
228,89,5.982307692307692
229,6,9.52958333333334
230,6,9.489479166666678
231,6,9.48593750000001
232,6,9.489479166666678
233,6,9.609895833333342
234,6,10.408437499999984
235,6,6.376562499999994
236,6,6.404583333333327
237,95,10.83
238,7,8.512105263157908
239,7,8.512105263157908
240,7,8.336842105263168
241,95,10.631428571428573
242,7,8.364631578947378
243,95,9.068571428571428
244,95,9.068571428571428
245,7,5.108105263157899
246,7,6.281578947368419
247,7,6.2012631578947355
248,7,6.333684210526316
249,1,17.355940594059437
250,1,17.355940594059437
251,1,13.274356435643549
252,1,13.274356435643549
253,1,3.036039603960396
254,1,3.2008910891089104
255,83,11.219999999999999
256,1,5.026732673267322
257,83,11.219999999999999
258,83,11.938947368421049
259,83,9.752631578947366
260,83,9.752631578947366
261,1,5.379900990099009
262,7,14.390947368421049
263,7,14.390947368421049
264,7,14.336315789473678
265,7,14.324210526315785
266,7,6.398421052631577
267,7,11.220105263157903
268,7,15.772526315789484
269,7,5.6655789473684175
270,7,12.46189473684209
271,7,0.713578947368421
272,95,11.950000000000001
273,6,16.143958333333313
274,95,8.717142857142857
275,95,11.950000000000001
276,95,11.950000000000001
277,95,8.717142857142857
278,95,8.717142857142857
279,95,11.950000000000001
280,95,12.467142857142859
281,95,11.950000000000001
282,95,10.13
283,95,13.77
284,95,11.950000000000001
285,95,11.950000000000001
286,95,8.717142857142857
287,95,8.717142857142857
288,95,11.588571428571427
289,95,10.599999999999998
290,95,8.717142857142857
291,95,8.717142857142857
292,6,16.143958333333313
293,95,11.950000000000001
294,1,16.420198019801987
295,7,16.82831578947371
296,89,4.303076923076924
297,89,7.316153846153847
298,89,13.330000000000004
299,89,7.445384615384616
300,89,0.5915384615384616
301,89,11.676153846153849
302,89,6.746153846153847
303,89,6.670000000000001
304,7,8.48284210526315
305,7,8.509157894736836
306,7,5.538736842105258
307,7,5.539578947368415
308,7,7.257578947368422
309,7,7.227157894736844
310,7,7.25
311,7,16.862842105263177
312,7,16.81547368421055
313,7,16.81200000000002
314,89,7.810769230769233
315,89,10.87153846153846
316,89,10.87153846153846
317,89,10.87153846153846
318,89,10.87153846153846
319,89,10.87153846153846
320,89,10.87153846153846
321,89,8.945384615384615
322,89,8.557692307692308
323,89,9.16230769230769
324,89,8.526923076923078
325,89,8.526923076923078
326,89,10.494615384615384
327,89,8.925384615384614
328,89,8.925384615384614
329,89,8.925384615384614
330,89,8.925384615384614
331,89,8.925384615384614
332,89,8.925384615384614
333,6,8.1225
334,6,8.533333333333333
335,1,7.665643564356428
336,1,7.748514851485135
337,89,9.218461538461538
338,95,8.57
339,95,8.57
340,95,13.855714285714287
341,95,13.855714285714287
342,95,13.855714285714287
343,95,13.855714285714287
344,95,13.855714285714287
345,95,13.855714285714287
346,95,4.29
347,95,4.29
348,95,4.29
349,95,7.965714285714286
350,95,8.228571428571428
351,95,7.965714285714286
352,95,8.374285714285714
353,95,8.374285714285714
354,95,14.47
355,95,14.47
356,95,14.47
357,95,14.67
358,95,14.47
359,95,4.170000000000001
360,95,8.200000000000001
361,95,8.200000000000001
362,95,8.200000000000001
363,95,8.200000000000001
364,95,6.5600000000000005
365,95,8.200000000000001
366,95,8.200000000000001
367,95,9.72
368,95,8.86
369,95,7.9399999999999995
370,95,10.959999999999999
371,95,8.832857142857144
372,95,10.94
373,95,11.290000000000001
374,89,16.26076923076923
375,95,18.680000000000003
376,95,18.680000000000003
377,89,11.736923076923075
378,95,11.16285714285714
379,89,11.48923076923077
380,95,9.519999999999998
381,95,9.519999999999998
382,95,11.47142857142857
383,95,10.17
384,95,10.709999999999999
385,95,10.392857142857142
386,95,10.392857142857142
387,95,10.392857142857142
388,95,10.392857142857142
389,95,10.392857142857142
390,95,9.76142857142857
391,95,14.524285714285714
392,95,13.89
393,6,18.453020833333362
394,6,14.412395833333349
395,6,34.60270833333333
396,6,17.37322916666667
397,6,17.316979166666666
398,6,17.360937500000002
399,6,17.341458333333335
400,6,17.316979166666666
401,6,17.316979166666666
402,95,10.840000000000002
403,6,17.26125
404,6,17.316979166666666
405,95,10.840000000000002
406,6,17.316979166666666
407,6,17.316979166666666
408,95,10.840000000000002
409,95,14.448571428571428
410,6,7.40406250000001
411,6,12.88625000000001
412,6,12.94093750000001
413,89,10.406923076923077
414,89,9.33
415,7,24.052210526315786
416,6,11.255729166666676
417,6,13.171666666666667
418,6,13.208645833333334
419,89,9.195384615384619
420,89,9.195384615384619
421,89,54.129999999999995
422,6,9.287291666666663
423,6,9.287291666666663
424,6,9.287291666666663
425,6,9.287291666666663
426,6,9.287291666666663
427,6,9.287291666666663
428,6,9.287291666666663
429,7,9.97231578947367
430,89,11.703076923076923
431,89,12.509230769230767
432,89,12.509230769230767
433,6,16.48479166666668
434,6,4.489062499999993
435,6,4.489062499999993
436,6,4.489062499999993
437,6,4.449583333333327
438,6,4.489062499999993
439,6,7.032187499999993
440,6,7.032187499999993
441,6,6.748854166666658
442,6,6.748854166666658
443,6,7.949062499999987
444,6,6.80812499999999
445,89,4.67
446,89,5.395384615384615
447,89,5.395384615384615
448,6,6.468124999999998
449,6,5.723854166666666
450,7,4.618947368421059
451,6,6.281041666666675
452,6,6.281041666666675
453,89,9.138461538461542
454,7,5.009578947368428
455,7,5.148421052631586
456,89,10.637692307692308
457,89,2.0438461538461534
458,89,7.279230769230769
459,89,6.683076923076923
460,89,6.274615384615384
461,89,6.4399999999999995
462,89,4.775384615384615
463,89,4.775384615384615
464,89,4.343076923076923
465,89,4.343076923076923
466,89,4.343076923076923
467,89,8.602307692307694
468,89,6.4607692307692295
469,89,6.36923076923077
470,89,3.5330769230769223
471,89,8.30923076923077
472,89,8.846923076923076
473,95,5.141428571428571
474,95,5.141428571428571
475,95,5.141428571428571
476,95,6.122857142857143
477,95,5.074285714285714
478,95,5.074285714285714
479,95,4.881428571428571
480,6,0.9259375000000002
481,6,0.9259375000000002
482,6,0.9259375000000002
483,6,0.9259375000000002
484,6,1.6540625000000002
485,6,1.6540625000000002
486,6,1.6540625000000002
487,6,1.6540625000000002
488,6,1.6540625000000002
489,6,1.6540625000000002
490,6,1.6540625000000002
491,6,7.1345833333333255
492,6,7.121666666666658
493,6,7.518020833333323
494,6,12.262708333333322
495,95,8.305714285714286
496,6,7.163020833333327
497,6,7.445624999999992
498,6,13.57677083333333
499,6,1.7721875000000002
500,95,11.239999999999998
501,6,1.6317708333333336
502,95,6.409999999999998
503,95,6.409999999999998
504,89,7.789999999999998
505,89,9.152307692307689
506,89,9.454615384615384
507,7,11.711999999999989
508,7,11.711999999999989
509,7,16.11736842105265
510,7,16.152631578947386
511,7,6.822526315789469
512,7,12.451789473684206
513,7,6.318947368421047
514,89,11.073076923076922
515,7,6.327052631578943
516,7,12.053157894736827
517,7,16.915263157894735
518,7,14.51484210526314
519,7,6.710421052631583
520,7,6.706736842105269
521,89,11.593846153846155
522,89,11.141538461538463
523,89,11.593846153846155
524,7,6.6997894736842145
525,7,2.7813684210526337
526,7,2.7813684210526337
527,7,2.7813684210526337
528,7,2.7813684210526337
529,7,2.7813684210526337
530,7,2.7813684210526337
531,7,2.7813684210526337
532,7,2.7813684210526337
533,7,2.7813684210526337
534,7,2.63084210526316
535,7,2.63084210526316
536,7,1.4108421052631577
537,7,1.703789473684211
538,7,1.703789473684211
539,7,1.703789473684211
540,7,1.703789473684211
541,7,1.703789473684211
542,7,1.703789473684211
543,7,1.703789473684211
544,7,2.558315789473684
545,7,2.558315789473684
546,7,2.558315789473684
547,7,2.558315789473684
548,7,2.558315789473684
549,7,2.558315789473684
550,7,2.558315789473684
551,7,2.558315789473684
552,7,2.558315789473684
553,7,2.1802105263157894
554,7,2.1802105263157894
555,7,2.1802105263157894
556,7,2.1802105263157894
557,7,2.1802105263157894
558,7,2.1802105263157894
559,7,2.1802105263157894
560,7,13.512210526315773
561,89,12.260769230769231
562,89,12.448461538461542
563,1,12.01940594059406
564,1,12.196732673267325
565,1,11.931980198019799
566,89,15.075384615384614
567,1,11.931980198019799
568,7,23.90547368421052
569,7,92.38105263157895
570,6,8.563437500000001
571,6,5.409791666666667
572,1,19.53811881188119
573,1,21.796336633663337
574,1,3.0048514851485137
575,7,11.593263157894743
576,1,10.872673267326737
577,6,11.200104166666675
578,6,11.200104166666675
579,1,10.15277227722773
580,1,10.180495049504957
581,1,10.180495049504957
582,7,30.373684210526278
583,7,0.0
584,7,0.0
585,7,0.0
586,7,20.394105263157915
587,7,0.8552631578947368
588,7,20.565789473684216
589,7,16.691263157894763
590,7,11.899684210526319
591,7,17.85378947368422
592,7,12.647473684210514
593,7,9.296315789473699
594,7,9.155052631578963
595,7,9.399894736842118
596,7,5.028842105263164
597,7,9.136210526315796
598,7,9.055157894736848
599,7,13.888210526315804
600,7,13.98347368421054
601,7,13.901894736842122
602,7,13.901894736842122
603,7,13.901894736842122
604,7,9.131157894736857
605,7,13.036315789473669
606,89,6.687692307692308
607,7,6.1894736842105225
608,6,5.683333333333333
609,6,5.683333333333333
610,6,5.683333333333333
611,6,4.781562499999999
612,6,14.59218749999998
613,7,1.5135789473684214
614,1,13.358811881188117
615,1,0.0
616,1,7.431584158415856
617,7,7.742947368421067
618,7,15.93305263157896
619,7,18.721368421052627
620,7,10.206736842105242
621,7,11.532210526315778
622,7,10.141473684210528
623,1,19.202772277227727
624,1,19.202772277227727
625,1,19.202772277227727
626,1,18.26762376237621
627,1,19.202772277227727
628,7,0.4810526315789474
629,7,5.132631578947372
630,7,12.05421052631579
631,7,8.56284210526317
632,1,4.670297029702977
633,7,0.0
634,7,0.6877894736842106
635,7,0.4223157894736841
636,7,0.06578947368421052
637,7,9.418736842105263
638,7,7.6942105263157865
639,7,1.0073684210526317
640,1,14.944059405940612
641,5,9.590103092783504
642,7,0.0
643,1,2.8465346534653464
644,83,0.5847368421052631
645,7,18.19094736842105
646,7,0.4361052631578947
647,7,0.4361052631578947
648,7,0.4361052631578947
649,7,0.4361052631578947
650,7,0.4361052631578947
651,7,0.4361052631578947
652,7,0.4361052631578947
653,7,37.599789473684204
654,7,0.0
655,95,18.180000000000003
656,7,24.942947368421052
657,7,18.95684210526316
658,7,18.95684210526316
659,7,0.09568421052631579
660,7,0.21052631578947367
661,7,12.008736842105256
662,7,12.831263157894735
663,7,10.734421052631589
664,7,10.525157894736852
665,7,31.575578947368392
666,7,14.153578947368405
667,7,14.153578947368405
668,7,14.153578947368405
669,7,0.0
670,95,8.0
671,7,0.9020000000000002
672,7,0.9020000000000002
673,7,0.9301052631578948
674,7,14.61347368421051
675,7,13.797052631578929
676,7,0.05852631578947368
677,7,1.5789473684210527
678,1,17.099900990099012
679,1,11.55237623762376
680,1,11.55237623762376
681,1,16.520495049504966
682,1,15.634356435643575
683,7,10.80957894736842
684,7,10.80957894736842
685,7,10.80957894736842
686,7,10.80957894736842
687,7,11.638000000000002
688,7,11.638000000000002
689,7,14.623473684210508
690,7,5.091894736842109
691,7,1.4136842105263157
692,7,6.311578947368416
693,7,6.047999999999997
694,7,6.097999999999995
695,7,6.195263157894733
696,7,5.741473684210526
697,7,5.807578947368419
698,1,6.72415841584159
699,1,6.72415841584159
700,1,6.72415841584159
701,1,0.6299009900990099
702,6,8.061041666666668
703,6,10.590000000000012
704,6,6.254791666666659
705,6,6.254791666666659
706,6,3.2941666666666616
707,1,8.225940594059397
708,6,10.037812500000008
709,6,10.037812500000008
710,6,10.037812500000008
711,6,10.037812500000008
712,6,10.037812500000008
713,6,10.037812500000008
714,6,10.037812500000008
715,6,10.037812500000008
716,6,10.037812500000008
717,7,7.8703157894736755
718,1,13.265049504950495
719,1,12.626633663366347
720,7,5.649052631578946
721,1,13.396336633663372
722,1,6.253168316831689
723,7,11.24042105263159
724,1,7.4609900990099165
725,1,8.944950495049511
726,1,8.944950495049511
727,1,0.20059405940594058
728,1,0.2918811881188119
729,7,5.84378947368421
730,6,3.8953125000000006
731,1,5.91178217821783
732,1,4.2075247524752495
733,1,6.724950495049505
734,1,8.656138613861405
735,7,0.5722105263157895
736,7,15.652421052631581
737,1,12.112574257425745
738,1,10.369900990099016
739,7,0.13042105263157897
740,7,0.43905263157894736
741,1,3.6876237623762376
742,1,0.0
743,1,0.0
744,1,0.0
745,1,0.0
746,1,0.0
747,1,0.0
748,1,0.0
749,7,0.204
750,7,6.609894736842108
751,7,8.483473684210537
752,1,0.41475247524752473
753,89,11.358461538461537
754,83,8.71263157894737
755,7,16.00884210526317
756,7,20.90305263157892
757,7,7.453684210526329
758,5,17.9319587628866
759,5,29.360721649484507
760,5,2.268865979381443
761,7,26.455473684210506
762,7,21.34378947368423
763,7,21.30063157894739
764,5,1.86
765,5,57.854123711340236
766,7,15.385368421052632
767,5,31.07999999999996
768,7,22.198210526315787
769,7,5.9094736842105275
770,5,44.196082474226806
771,7,13.907684210526302
772,7,13.053263157894724
773,7,13.668947368421037
774,7,13.668947368421037
775,7,10.166105263157894
776,7,22.124842105263156
777,7,22.124842105263156
778,7,9.311263157894736
779,7,13.515157894736845
780,7,13.515157894736845
781,7,13.634736842105262
782,7,25.71652631578947
783,7,24.91915789473685
784,7,24.91915789473685
785,7,9.993473684210526
786,7,8.952421052631584
787,7,17.611052631578957
788,7,9.333684210526323
789,7,1.0550526315789472
790,7,9.708842105263159
791,7,10.850000000000003
792,7,0.050105263157894736
793,7,18.372210526315808
794,7,34.00526315789475
795,7,1.1270526315789473
796,7,0.863578947368421
797,7,0.6757894736842106
798,7,1.3202105263157897
799,89,4.684615384615385
800,7,25.29305263157895
801,7,1.1961052631578948
802,7,31.19231578947365
803,5,8.71309278350516
804,7,1.8836842105263156
805,7,1.8836842105263156
806,7,8.536105263157898
807,7,0.8425263157894739
808,7,11.433263157894736
809,7,12.037894736842103
810,7,0.5210526315789472
811,7,0.8606315789473683
812,7,11.386105263157898
813,7,0.844842105263158
814,7,9.930210526315792
815,7,9.775473684210526
816,7,1.9603157894736845
817,7,0.1771578947368421
818,7,14.671368421052629
819,7,8.906631578947374
820,7,0.4081052631578947
821,7,0.3509473684210526
822,7,0.5936842105263157
823,7,23.438736842105257
824,7,0.4270526315789473
825,7,13.96947368421051
826,7,0.427157894736842
827,7,0.043894736842105264
828,7,0.16410526315789473
829,7,10.653789473684212
830,7,7.6409473684210445
831,7,1.8833684210526318
832,7,18.328631578947366
833,7,6.475052631578946
834,7,0.02926315789473684
835,7,0.7469473684210526
836,7,0.022842105263157893
837,7,30.279578947368385
838,7,0.2825263157894736
839,7,0.26936842105263153
840,7,0.26936842105263153
841,89,17.416153846153843
842,7,20.809789473684226
843,7,0.2536842105263158
844,7,0.2488421052631579
845,7,23.37231578947368
846,7,23.45242105263158
847,7,23.45242105263158
848,7,0.14694736842105263
849,7,0.36852631578947376
850,7,16.00568421052631
851,7,24.902526315789505
852,7,9.527578947368422
853,7,6.8338947368421055
854,7,0.5261052631578947
855,7,0.5261052631578947
856,7,0.5261052631578947
857,7,0.5261052631578947
858,7,0.5261052631578947
859,7,0.5261052631578947
860,7,0.5261052631578947
861,7,0.5261052631578947
862,7,0.5261052631578947
863,7,1.0266315789473683
864,7,1.0266315789473683
865,89,16.037692307692307
866,7,0.7786315789473685
867,7,15.395999999999994
868,7,14.394842105263168
869,89,5.640769230769231
870,7,0.1997894736842105
871,89,6.548461538461537
872,7,17.379894736842115
873,7,5.856842105263151
874,7,0.7212631578947369
875,7,0.04052631578947369
876,89,0.3346153846153846
877,7,0.04052631578947369
878,89,9.44076923076923
879,89,4.368461538461538
880,89,2.26076923076923
881,89,3.1861538461538457
882,89,14.656153846153849
883,89,10.571538461538463
884,89,7.48076923076923
885,89,7.48076923076923
886,89,5.623076923076923
887,7,15.13800000000001
888,7,1.017684210526316
889,7,13.197368421052614
890,7,13.197368421052614
891,89,11.821538461538463
892,7,0.6873684210526317
893,89,1.6315384615384616
894,89,9.58
895,89,9.58
896,6,8.409270833333347
897,6,16.13343750000001
898,7,5.805684210526314
899,7,13.808631578947372
900,1,9.260000000000018
901,5,11.20835051546391
902,5,11.20835051546391
903,6,6.364062499999993
904,1,7.547128712871293
905,1,10.683069306930696
906,1,10.540693069306935
907,1,7.42029702970297
908,1,7.42029702970297
909,1,5.26950495049505
910,1,5.206633663366337
911,1,5.206633663366337
912,1,6.5889108910891
913,1,7.403861386138628
914,1,3.271881188118812
915,1,10.65326732673266
916,1,5.563960396039599
917,1,8.42257425742576
918,6,0.4370833333333333
919,6,0.38968749999999996
920,6,0.38968749999999996
921,1,9.348613861386143
922,1,8.054653465346545
923,6,14.958958333333358
924,1,14.361089108910875
925,1,2.544950495049505
926,1,5.802673267326732
927,1,14.360792079207917
928,1,4.930891089108917
929,1,1.8810891089108916
930,6,0.982395833333333
931,6,11.004166666666647
932,6,11.004166666666647
933,1,6.367821782178208
934,1,0.2940594059405941
935,6,14.011874999999984
936,1,8.377623762376237
937,6,5.394583333333334
938,6,3.043333333333333
939,6,0.35875000000000007
940,6,0.12333333333333331
941,6,0.19854166666666664
942,6,0.23510416666666664
943,6,0.23510416666666664
944,6,0.23510416666666664
945,7,9.763789473684232
946,7,4.113684210526316
947,7,0.1766315789473684
948,7,0.6607368421052632
949,7,0.5692631578947368
950,7,13.746105263157876
951,7,0.833157894736842
952,7,8.174315789473702
953,7,0.45473684210526305
954,7,0.9225263157894739
955,7,0.4605263157894737
956,89,5.738461538461538
957,7,6.001263157894734
958,7,10.597789473684205
959,7,10.597789473684205
960,7,15.38852631578947
961,7,9.21926315789472
962,7,9.21926315789472
963,7,9.21926315789472
964,7,19.258105263157894
965,7,4.486105263157901
966,7,1.705473684210526
967,7,31.341052631578954
968,7,10.940000000000001
969,7,9.964421052631574
970,7,9.964421052631574
971,7,1.092736842105263
972,7,0.7755789473684211
973,1,5.97930693069308
974,1,14.210990099009907
975,1,7.059306930693062
976,1,5.170594059405935
977,1,6.540495049504949
978,1,8.313168316831701
979,1,8.00910891089111
980,1,8.00910891089111
981,1,8.056336633663385
982,1,8.165643564356456
983,1,8.225841584158436
984,1,6.526039603960387
985,1,7.680891089108909
986,1,8.084653465346523
987,6,3.140937500000003
988,1,7.254752475247538
989,1,7.254752475247538
990,1,5.513564356435648
991,1,5.513564356435648
992,1,11.62762376237623
993,6,8.08031249999999
994,1,7.054653465346541
995,1,14.382574257425718
996,1,9.541980198019786
997,1,2.712673267326729
998,1,10.598118811881182
999,1,14.09544554455448
1000,6,9.709687499999982
1001,6,11.2275
1002,7,9.264526315789478
1003,6,10.062083333333316
1004,7,12.03189473684209
1005,6,8.902187500000004
1006,6,13.7790625
1007,1,2.94138613861386
1008,7,0.6247368421052631
1009,1,2.5948514851485145
1010,1,15.513762376237622
1011,7,1.286947368421053
1012,7,6.363473684210525
1013,1,3.1851485148514866
1014,1,7.699306930693078
1015,1,7.1638613861386125
1016,1,4.450990099009899
1017,1,6.749108910891087
1018,7,1.485473684210526
1019,1,2.3985148514851486
1020,1,2.4132673267326727
1021,1,1.8618811881188122
1022,1,1.996732673267327
1023,1,1.996732673267327
1024,6,0.5206250000000001
1025,1,1.6043564356435638
1026,1,15.249405940594057
1027,3,22.694242424242415
1028,1,0.6233663366336635
1029,7,11.199052631578926
1030,1,0.8217821782178217
1031,5,4.46422680412372
1032,5,7.359999999999996
1033,5,6.228865979381437
1034,5,6.228865979381437
1035,1,5.399306930693069
1036,1,1.0540594059405946
1037,1,12.872178217821798
1038,1,12.872178217821798
1039,1,8.215841584158426
1040,1,18.603861386138647
1041,6,12.268124999999984
1042,1,4.121584158415838
1043,1,0.9851485148514851
1044,7,10.302315789473688
1045,1,5.959999999999998
1046,1,6.540594059405932
1047,1,7.776336633663356
1048,1,17.963762376237636
1049,6,34.31177083333335
1050,6,20.33374999999997
1051,7,11.83726315789472
1052,7,18.29263157894738
1053,7,0.16284210526315793
1054,7,5.1857894736842045
1055,7,1.1896842105263157
1056,7,4.958631578947363
1057,7,0.5705263157894737
1058,7,0.8207368421052631
1059,7,6.88305263157894
1060,7,5.734947368421053
1061,7,4.160210526315785
1062,7,10.714421052631574
1063,7,4.536210526315795
1064,7,0.1434736842105263
1065,7,8.642210526315777
1066,7,1.374736842105263
1067,7,0.15326315789473685
1068,7,1.3187368421052634
1069,7,10.620421052631562
1070,7,15.290526315789453
1071,7,10.509684210526299
1072,7,10.509684210526299
1073,7,10.509684210526299
1074,7,1.022421052631579
1075,7,1.0326315789473683
1076,7,0.42789473684210516
1077,7,0.29147368421052633
1078,7,10.765473684210539
1079,7,11.887263157894722
1080,6,12.618229166666666
1081,6,10.238645833333319
1082,6,0.7079166666666667
1083,7,7.95799999999999
1084,7,0.9135789473684209
1085,7,7.367157894736836
1086,7,8.145263157894725
1087,1,8.933069306930692
1088,1,4.096336633663366
1089,1,3.993663366336633
1090,1,4.185148514851485
1091,1,4.185148514851485
1092,1,4.185148514851485
1093,1,4.185148514851485
1094,1,4.185148514851485
1095,1,4.229306930693069
1096,1,4.185148514851485
1097,1,4.185148514851485
1098,1,4.185148514851485
1099,1,4.185148514851485
1100,1,4.185148514851485
1101,1,4.185148514851485
1102,1,4.185148514851485
1103,1,4.185148514851485
1104,1,4.185148514851485
1105,1,4.185148514851485
1106,1,4.185148514851485
1107,1,4.185148514851485
1108,1,4.185148514851485
1109,1,4.185148514851485
1110,1,4.185148514851485
1111,1,4.185148514851485
1112,1,4.185148514851485
1113,1,4.185148514851485
1114,1,4.185148514851485
1115,1,4.185148514851485
1116,1,7.27118811881188
1117,1,7.224455445544555
1118,1,8.418910891089109
1119,1,8.345742574257425
1120,89,14.654615384615385
1121,7,1.8089473684210522
1122,6,11.148229166666646
1123,89,14.929230769230768
1124,7,31.188736842105232
1125,6,11.133749999999978
1126,1,7.609801980198008
1127,1,7.526831683168305
1128,1,7.603465346534642
1129,1,7.603465346534642
1130,1,7.603465346534642
1131,1,7.598217821782166
1132,1,7.603465346534642
1133,1,7.60445544554454
1134,1,7.598217821782166
1135,1,7.603465346534642
1136,1,14.343861386138624
1137,1,9.184851485148515
1138,1,2.463564356435644
1139,1,2.463564356435644
1140,1,2.486633663366337
1141,1,2.463564356435644
1142,1,2.463564356435644
1143,1,2.463564356435644
1144,1,2.463564356435644
1145,0,15.745784313725508
1146,1,16.14752475247527
1147,1,16.279207920792096
1148,1,16.279207920792096
1149,1,16.279207920792096
1150,1,16.279207920792096
1151,1,16.279207920792096
1152,1,16.279207920792096
1153,1,16.279207920792096
1154,1,16.279207920792096
1155,1,16.279207920792096
1156,1,16.279207920792096
1157,1,16.279207920792096
1158,1,16.279207920792096
1159,1,16.275544554455465
1160,1,16.279207920792096
1161,1,16.279207920792096
1162,1,16.279207920792096
1163,1,12.617623762376212
1164,1,12.625445544554431
1165,1,12.594554455445522
1166,1,12.625445544554431
1167,1,12.625445544554431
1168,1,12.625445544554431
1169,1,12.625445544554431
1170,1,12.625445544554431
1171,1,12.625445544554431
1172,1,12.625445544554431
1173,1,9.02475247524752
1174,0,10.037549019607855
1175,0,10.037549019607855
1176,6,10.204270833333338
1177,6,12.919374999999981
1178,6,12.919374999999981
1179,6,9.427812500000009
1180,6,9.427812500000009
1181,6,9.427812500000009
1182,6,9.427812500000009
1183,6,9.427812500000009
1184,6,9.427812500000009
1185,6,9.427812500000009
1186,6,9.396979166666673
1187,6,9.36020833333334
1188,6,9.36020833333334
1189,6,9.36020833333334
1190,6,9.36020833333334
1191,6,9.36020833333334
1192,6,9.36020833333334
1193,6,9.36020833333334
1194,6,9.36020833333334
1195,6,9.36020833333334
1196,6,9.36020833333334
1197,6,9.36020833333334
1198,6,9.36020833333334
1199,6,9.36020833333334
1200,6,9.36020833333334
1201,2,18.06270000000001
1202,0,11.26921568627451
1203,95,14.930000000000003
1204,1,11.157128712871298
1205,95,11.590000000000002
1206,95,11.94
1207,1,11.496930693069311
1208,95,11.94
1209,95,14.930000000000003
1210,1,11.42683168316831
1211,1,11.572475247524745
1212,1,11.572475247524745
1213,1,29.70326732673264
1214,1,24.08742574257429
1215,1,24.08742574257429
1216,1,24.08742574257429
1217,1,24.08742574257429
1218,1,24.08742574257429
1219,1,24.08742574257429
1220,1,24.08742574257429
1221,1,24.08742574257429
1222,1,29.679306930693034
1223,1,29.679306930693034
1224,1,19.50277227722777
1225,1,19.50277227722777
1226,1,19.50277227722777
1227,1,19.50277227722777
1228,1,22.109009900990102
1229,1,22.109009900990102
1230,1,19.50277227722777
1231,1,22.109009900990102
1232,1,19.50277227722777
1233,1,19.50277227722777
1234,1,22.109009900990102
1235,1,19.50277227722777
1236,1,19.50277227722777
1237,1,19.50277227722777
1238,1,19.50277227722777
1239,1,22.109009900990102
1240,0,15.587156862745097
1241,1,9.7609900990099
1242,1,11.237623762376238
1243,1,11.237623762376238
1244,1,10.605742574257409
1245,1,9.576237623762358
1246,1,9.446633663366317
1247,1,9.446633663366317
1248,1,9.446633663366317
1249,1,9.446633663366317
1250,1,9.446633663366317
1251,1,9.446633663366317
1252,1,9.446633663366317
1253,1,9.446633663366317
1254,1,9.446633663366317
1255,1,9.446633663366317
1256,1,9.446633663366317
1257,1,9.446633663366317
1258,1,9.446633663366317
1259,1,10.725841584158399
1260,1,10.743762376237607
1261,1,10.373564356435628
1262,1,11.30425742574257
1263,1,11.30425742574257
1264,1,9.424653465346514
1265,1,11.332376237623757
1266,1,11.332376237623757
1267,1,11.332376237623757
1268,1,11.332376237623757
1269,1,11.332376237623757
1270,1,11.332376237623757
1271,1,11.332376237623757
1272,1,11.332376237623757
1273,1,11.332376237623757
1274,1,11.332376237623757
1275,1,11.332376237623757
1276,1,11.332376237623757
1277,1,11.332376237623757
1278,1,11.332376237623757
1279,1,15.160891089108926
1280,7,7.341578947368413
1281,1,14.333663366336637
1282,0,15.762549019607874
1283,0,16.791764705882336
1284,0,15.197254901960813
1285,6,7.560937499999999
1286,1,10.971287128712854
1287,1,15.309900990098996
1288,1,12.055643564356435
1289,1,12.29237623762376
1290,1,12.03277227722772
1291,1,12.03277227722772
1292,1,12.03277227722772
1293,1,12.04465346534653
1294,1,12.04465346534653
1295,1,9.37138613861385
1296,1,9.435445544554446
1297,1,9.435445544554446
1298,1,9.36900990099009
1299,1,9.36900990099009
1300,2,7.226099999999999
1301,2,15.168800000000001
1302,2,14.573899999999998
1303,2,14.911700000000002
1304,6,12.07885416666666
1305,6,12.07885416666666
1306,6,12.07885416666666
1307,6,12.07885416666666
1308,6,12.07885416666666
1309,6,12.07885416666666
1310,6,12.07885416666666
1311,6,12.07885416666666
1312,6,12.07885416666666
1313,0,11.24774509803921
1314,95,0.0
1315,0,12.439803921568641
1316,1,11.825247524752488
1317,0,12.403921568627467
1318,1,11.774059405940607
1319,0,15.070588235294096
1320,0,15.14176470588233
1321,1,14.441782178217803
1322,1,14.45198019801978
1323,0,15.070588235294096
1324,1,20.459108910891096
1325,1,16.72772277227724
1326,1,16.72772277227724
1327,1,22.49861386138614
1328,1,14.110198019801986
1329,1,14.160000000000004
1330,1,14.032871287128696
1331,1,15.103564356435633
1332,1,14.925643564356422
1333,1,8.592079207920781
1334,1,14.128613861386121
1335,1,24.712079207920823
1336,1,24.520990099009914
1337,1,24.520990099009914
1338,1,13.25742574257424
1339,1,15.0751485148515
1340,1,27.41079207920792
1341,1,32.163069306930694
1342,1,31.814653465346538
1343,1,32.054455445544555
1344,1,31.942871287128707
1345,1,31.942871287128707
1346,1,31.942871287128707
1347,1,31.942871287128707
1348,1,32.054455445544555
1349,1,32.054455445544555
1350,1,31.929009900990092
1351,1,30.15613861386137
1352,1,31.929009900990092
1353,1,31.929009900990092
1354,1,31.929009900990092
1355,1,31.929009900990092
1356,1,31.929009900990092
1357,1,16.098514851485124
1358,1,16.18663366336634
1359,1,18.358316831683148
1360,1,15.560792079207943
1361,1,15.51633663366339
1362,1,15.500594059405962
1363,1,15.504653465346555
1364,1,15.504653465346555
1365,1,15.504653465346555
1366,1,15.504653465346555
1367,1,15.504653465346555
1368,1,15.504653465346555
1369,1,15.504653465346555
1370,1,15.504653465346555
1371,1,15.504653465346555
1372,1,15.504653465346555
1373,1,15.504653465346555
1374,1,15.504653465346555
1375,1,15.504653465346555
1376,1,15.768118811881212
1377,1,15.843069306930717
1378,0,18.930588235294096
1379,0,18.930588235294096
1380,0,18.930588235294096
1381,0,18.320980392156844
1382,0,18.367156862745077
1383,0,18.367156862745077
1384,0,18.27068627450978
1385,0,18.37186274509802
1386,1,25.38554455445548
1387,1,25.391089108910922
1388,1,25.391089108910922
1389,1,25.391089108910922
1390,1,25.391089108910922
1391,1,22.21178217821782
1392,1,22.171584158415847
1393,1,26.013564356435673
1394,1,25.181584158415873
1395,0,12.1778431372549
1396,0,12.201568627450982
1397,0,8.558823529411779
1398,0,8.495392156862758
1399,0,8.495392156862758
1400,0,5.257058823529417
1401,0,8.837549019607858
1402,1,10.665544554455446
1403,1,10.691485148514852
1404,1,12.713267326732659
1405,1,12.603465346534637
1406,1,8.692079207920788
1407,1,7.235148514851476
1408,1,4.133663366336626
1409,1,5.250693069306931
1410,1,7.604851485148507
1411,6,8.028645833333325
1412,7,1.4393684210526316
1413,7,21.234526315789495
1414,0,16.287647058823527
1415,87,3.6086666666666662
1416,7,16.648210526315797
1417,7,16.75936842105264
1418,1,11.252673267326719
1419,1,14.44603960396042
1420,1,14.415841584158441
1421,1,11.123168316831666
1422,1,11.123168316831666
1423,1,17.937623762376244
1424,1,17.937623762376244
1425,1,17.937623762376244
1426,2,12.998900000000003
1427,2,15.68400000000002
1428,1,12.969504950495033
1429,1,13.349108910891065
1430,1,13.354851485148489
1431,7,6.211578947368421
1432,7,4.577789473684205
1433,7,7.500842105263149
1434,7,7.48621052631578
1435,7,7.48621052631578
1436,7,4.480736842105259
1437,7,7.790315789473675
1438,7,7.790315789473675
1439,7,8.597473684210522
1440,7,8.413999999999996
1441,7,8.413999999999996
1442,7,7.627263157894736
1443,7,5.260421052631578
1444,7,5.075473684210526
1445,7,5.075473684210526
1446,7,9.760105263157897
1447,7,9.623263157894737
1448,7,9.623263157894737
1449,7,9.623263157894737
1450,7,9.623263157894737
1451,7,9.623263157894737
1452,7,9.623263157894737
1453,7,9.623263157894737
1454,7,9.623263157894737
1455,7,9.623263157894737
1456,7,9.623263157894737
1457,7,9.623263157894737
1458,7,9.623263157894737
1459,7,9.623263157894737
1460,7,9.623263157894737
1461,7,9.623263157894737
1462,7,7.38578947368422
1463,7,9.107368421052646
1464,7,5.295052631578955
1465,7,5.295052631578955
1466,7,5.239789473684217
1467,7,5.247157894736849
1468,7,5.540736842105272
1469,7,5.390105263157904
1470,7,5.554947368421061
1471,7,5.493263157894747
1472,7,4.673052631578942
1473,7,7.635578947368413
1474,7,7.7196842105263075
1475,7,7.5574736842105175
1476,7,6.971368421052637
1477,7,6.96389473684211
1478,7,7.012315789473688
1479,7,1.6432631578947368
1480,7,1.6432631578947368
1481,7,1.6432631578947368
1482,7,10.513894736842117
1483,7,6.354421052631572
1484,7,6.400526315789468
1485,7,6.420105263157889
1486,7,6.446210526315784
1487,7,10.01336842105264
1488,7,12.36526315789474
1489,7,12.38842105263158
1490,7,12.606631578947372
1491,7,12.606631578947372
1492,7,8.0097894736842
1493,7,12.27557894736842
1494,7,4.512315789473688
1495,7,7.579894736842118
1496,7,7.60884210526317
1497,7,4.601368421052638
1498,7,4.5931578947368505
1499,7,9.233789473684219
1500,7,13.403263157894749
1501,7,14.296105263157912
1502,7,9.101473684210534
1503,7,9.101473684210534
1504,7,7.877578947368419
1505,7,7.877578947368419
1506,7,10.726000000000008
1507,7,10.60578947368422
1508,7,7.289999999999997
1509,7,8.830631578947367
1510,7,9.454315789473686
1511,7,12.676105263157876
1512,7,6.031894736842111
1513,7,7.087684210526308
1514,7,4.945263157894731
1515,7,4.727999999999993
1516,7,4.592736842105256
1517,7,7.9157894736842085
1518,7,7.842736842105259
1519,7,13.343052631578932
1520,7,10.256105263157908
1521,7,6.732000000000012
1522,7,3.8666315789473695
1523,7,1.1573684210526314
1524,7,1.0506315789473686
1525,7,1.7746315789473686
1526,7,2.7790526315789457
1527,7,7.3565263157894645
1528,7,4.445368421052624
1529,7,4.445368421052624
1530,7,6.937894736842109
1531,7,5.145894736842113
1532,7,9.205157894736844
1533,7,9.473473684210527
1534,7,4.446526315789469
1535,7,4.44431578947368
1536,7,7.924315789473678
1537,7,6.993684210526316
1538,7,6.993684210526316
1539,7,4.527578947368417
1540,7,4.480526315789468
1541,7,6.884631578947368
1542,7,7.984842105263148
1543,7,4.857473684210522
1544,7,4.782315789473679
1545,7,8.78926315789475
1546,7,5.043684210526319
1547,7,5.204526315789478
1548,7,4.880105263157899
1549,7,4.44378947368421
1550,7,4.474210526315789
1551,7,4.169263157894736
1552,7,4.169263157894736
1553,7,9.908842105263167
1554,7,4.390105263157889
1555,7,4.240526315789469
1556,7,4.398947368421046
1557,7,4.4095789473684155
1558,7,15.24821052631579
1559,7,14.256526315789456
1560,7,14.256526315789456
1561,7,14.09284210526314
1562,7,12.160315789473684
1563,7,8.232105263157907
1564,7,8.729052631578947
1565,7,12.227894736842106
1566,7,16.89484210526316
1567,7,3.462210526315789
1568,7,5.68557894736842
1569,7,5.852526315789474
1570,7,7.367684210526316
1571,7,4.107473684210531
1572,7,5.451894736842105
1573,7,8.898315789473687
1574,7,8.925789473684226
1575,7,11.510421052631582
1576,7,4.656
1577,7,8.197368421052632
1578,7,11.086842105263157
1579,7,8.570736842105264
1580,7,8.923368421052633
1581,7,4.790421052631579
1582,7,4.846947368421052
1583,7,8.850631578947368
1584,7,1.7866315789473686
1585,7,6.7450526315789485
1586,7,1.344842105263158
1587,7,4.106105263157895
1588,7,15.511894736842107
1589,7,11.846736842105264
1590,7,10.802631578947368
1591,7,8.467789473684212
1592,7,1.0522105263157895
1593,7,4.880105263157896
1594,7,8.430315789473683
1595,7,4.8235789473684205
1596,7,7.693263157894738
1597,7,4.51957894736842
1598,7,13.232315789473683
1599,7,9.781052631578948
1600,7,8.000105263157895
1601,7,8.431052631578947
1602,0,23.624215686274514
1603,0,20.347254901960753
1604,0,20.296960784313697
1605,0,20.296960784313697
1606,0,19.583921568627424
1607,0,20.32950980392154
1608,0,19.5976470588235
1609,0,10.561470588235279
1610,0,10.521862745098021
1611,1,8.019801980198014
1612,1,13.396831683168305
1613,1,9.749900990099015
1614,1,9.70564356435644
1615,1,11.869504950495042
1616,1,7.448415841584169
1617,1,7.448415841584169
1618,83,6.866842105263157
1619,83,7.334736842105262
1620,83,7.334736842105262
1621,1,17.130891089108907
1622,1,13.248811881188113
1623,6,17.301249999999985
1624,6,12.042812499999995
1625,6,14.646770833333349
1626,6,14.896666666666695
1627,6,22.91697916666664
1628,95,11.072857142857144
1629,89,12.516153846153847
1630,95,4.05
1631,1,21.711089108910883
1632,95,8.4
1633,95,6.8500000000000005
1634,95,9.882857142857144
1635,95,6.82
1636,7,12.367578947368417
1637,1,10.636435643564342
1638,95,10.074285714285717
1639,95,8.165714285714285
1640,0,1.3172549019607842
1641,0,7.271960784313726
1642,0,5.413235294117651
1643,0,9.094509803921575
1644,84,2.5683333333333334
1645,84,2.5683333333333334
1646,2,9.128000000000013
1647,90,11.7175
1648,0,12.298725490196095
1649,95,6.25
1650,82,11.730499999999997
1651,1,12.29247524752477
1652,6,15.019791666666643
1653,1,18.97643564356437
1654,7,12.68505263157895
1655,7,11.013578947368433
1656,7,14.058105263157882
1657,7,13.679999999999977
1658,7,13.705473684210503
1659,7,13.690421052631555
1660,7,13.66536842105261
1661,95,19.24285714285714
1662,1,9.764059405940587
1663,7,35.96715789473684
1664,89,9.77846153846154
1665,1,11.61306930693069
1666,1,11.328613861386128
1667,95,14.284285714285716
1668,0,9.706764705882337
1669,0,9.813823529411748
1670,7,6.814842105263155
1671,7,6.814842105263155
1672,7,11.151052631578938
1673,7,5.149157894736843
1674,7,0.8921052631578951
1675,0,11.129803921568625
1676,0,12.154607843137256
1677,0,21.06411764705883
1678,0,16.858137254901948
1679,0,11.01892156862745
1680,1,14.278118811881162
1681,1,13.623366336633648
1682,1,15.068811881188108
1683,1,16.508910891089116
1684,1,6.93930693069307
1685,1,6.93930693069307
1686,1,1.5048514851485146
1687,1,4.093069306930693
1688,1,4.093069306930693
1689,1,8.852277227722773
1690,1,11.352475247524751
1691,1,8.874059405940592
1692,0,18.633235294117643
1693,0,17.386960784313732
1694,0,16.909803921568628
1695,0,21.937254901960788
1696,0,30.103921568627445
1697,0,30.119607843137256
1698,0,27.01686274509804
1699,0,15.019215686274539
1700,0,17.172745098039226
1701,0,16.638921568627453
1702,0,16.01107843137258
1703,0,15.3919607843137
1704,0,16.455392156862747
1705,0,16.35401960784314
1706,0,16.42686274509804
1707,0,16.42686274509804
1708,0,12.946568627450974
1709,0,12.805294117647055
1710,0,12.805294117647055
1711,0,16.427254901960787
1712,0,19.64039215686274
1713,0,19.717450980392176
1714,0,18.499215686274525
1715,0,25.1092156862745
1716,0,25.89892156862746
1717,0,14.843235294117644
1718,0,16.597450980392168
1719,0,14.348235294117664
1720,0,15.603823529411786
1721,0,13.1593137254902
1722,0,10.004803921568639
1723,0,14.3944117647059
1724,0,14.364803921568647
1725,0,11.157941176470569
1726,0,11.176764705882333
1727,0,11.148921568627431
1728,0,11.190588235294122
1729,0,14.061960784313746
1730,0,14.061960784313746
1731,0,22.131764705882357
1732,0,22.089313725490193
1733,0,16.24421568627449
1734,0,19.034705882352938
1735,0,20.295098039215702
1736,0,19.030392156862746
1737,0,18.948627450980393
1738,0,17.34088235294115
1739,0,17.346666666666643
1740,0,18.730196078431376
1741,0,18.730196078431376
1742,0,27.614803921568626
1743,0,15.648235294117624
1744,0,17.942647058823525
1745,0,17.7043137254902
1746,0,20.616470588235295
1747,0,17.28705882352941
1748,0,15.42431372549023
1749,0,15.430000000000032
1750,0,15.326274509803955
1751,0,14.831862745098055
1752,0,19.232941176470558
1753,0,19.455686274509777
1754,0,12.799215686274511
1755,0,12.819509803921566
1756,0,13.415294117647065
1757,0,16.29401960784318
1758,0,16.283725490196115
1759,0,16.283725490196115
1760,0,17.764901960784286
1761,0,12.568235294117647
1762,0,15.636176470588236
1763,0,15.636176470588236
1764,0,15.668725490196076
1765,0,17.88725490196078
1766,0,10.543137254901957
1767,0,18.173137254901963
1768,0,18.63823529411765
1769,0,17.66892156862745
1770,0,12.647941176470585
1771,0,18.60254901960784
1772,0,18.8571568627451
1773,0,13.702254901960792
1774,0,10.022156862745094
1775,0,17.69147058823529
1776,0,17.72196078431372
1777,0,17.687549019607836
1778,0,17.67215686274509
1779,0,7.3269607843137265
1780,0,7.499313725490196
1781,0,12.500588235294119
1782,0,2.7815686274509805
1783,0,8.756470588235295
1784,0,13.52656862745098
1785,0,2.558529411764705
1786,0,2.9092156862745098
1787,0,7.2199019607843145
1788,0,12.241470588235295
1789,0,2.61343137254902
1790,0,18.298039215686277
1791,0,20.765098039215687
1792,0,19.1628431372549
1793,0,19.10803921568632
1794,0,29.764803921568646
1795,0,29.032843137254886
1796,0,28.01833333333332
1797,0,28.01833333333332
1798,0,10.815490196078434
1799,0,13.723431372549019
1800,0,13.882647058823531
1801,0,18.773137254901958
1802,0,14.369705882352944
1803,0,14.229901960784314
1804,0,14.311862745098038
1805,0,14.186470588235293
1806,0,19.54176470588235
1807,0,23.61901960784314
1808,0,31.190686274509833
1809,0,30.99284313725493
1810,0,15.919411764705865
1811,0,18.861176470588237
1812,0,20.883137254901943
1813,0,26.132843137254895
1814,0,21.405588235294108
1815,0,10.553921568627457
1816,0,18.319607843137238
1817,0,24.554901960784328
1818,0,24.632450980392168
1819,0,24.655490196078446
1820,0,24.655490196078446
1821,0,24.655490196078446
1822,0,24.256372549019595
1823,0,13.506470588235294
1824,0,13.416176470588251
1825,1,19.096534653465316
1826,0,17.878529411764706
1827,0,32.19362745098042
1828,0,13.224215686274496
1829,0,13.272549019607828
1830,0,18.6569607843137
1831,0,18.606176470588206
1832,0,19.138137254901935
1833,0,17.84333333333331
1834,0,18.952156862745067
1835,0,17.854411764705855
1836,0,17.854411764705855
1837,0,17.917156862745074
1838,0,9.191274509803936
1839,0,35.29705882352945
1840,0,35.29705882352945
1841,0,20.73441176470589
1842,0,20.73441176470589
1843,0,20.73441176470589
1844,0,9.544019607843138
1845,0,12.493725490196077
1846,0,15.890392156862724
1847,0,12.985784313725492
1848,0,15.808431372549045
1849,0,15.808431372549045
1850,0,11.811372549019605
1851,0,14.10186274509804
1852,0,13.056862745098037
1853,1,15.997128712871286
1854,0,25.94088235294117
1855,0,15.473235294117627
1856,1,21.07316831683169
1857,0,15.817450980392138
1858,0,11.608725490196065
1859,0,11.747843137254902
1860,0,15.858823529411787
1861,0,11.716372549019605
1862,0,11.652254901960784
1863,0,12.045490196078434
1864,0,15.491568627450995
1865,0,7.238529411764702
1866,0,7.51803921568627
1867,0,5.254901960784315
1868,0,10.562549019607838
1869,0,10.540784313725487
1870,0,7.226764705882348
1871,0,7.226764705882348
1872,0,6.407745098039206
1873,0,20.886470588235294
1874,0,20.000686274509793
1875,84,16.09666666666667
1876,2,11.4372
1877,2,11.4372
1878,2,36.55560000000003
1879,2,24.729700000000012
1880,2,24.729700000000012
1881,1,16.42881188118813
1882,1,11.874752475247528
1883,1,12.253960396039602
1884,1,6.448910891089106
1885,1,6.495841584158413
1886,1,6.481584158415839
1887,1,6.489900990099008
1888,7,13.06031578947367
1889,7,14.845263157894735
1890,7,14.920210526315785
1891,7,14.96905263157894
1892,7,15.118631578947364
1893,7,15.007894736842099
1894,7,15.096842105263153
1895,7,12.305473684210519
1896,7,12.317473684210517
1897,7,3.1128421052631583
1898,7,11.900842105263163
1899,7,6.120631578947365
1900,7,6.1211578947368395
1901,7,1.0036842105263157
1902,7,11.21252631578947
1903,7,8.001578947368424
1904,1,11.106831683168325
1905,1,11.138613861386142
1906,1,16.764059405940582
1907,1,8.611287128712858
1908,1,12.009702970297027
1909,0,1.111470588235294
1910,0,6.981960784313728
1911,0,7.3270588235294145
1912,0,7.415490196078433
1913,0,6.639607843137255
1914,0,6.4125490196078365
1915,0,8.741568627450972
1916,0,8.77764705882352
1917,0,8.175098039215674
1918,0,8.293235294117636
1919,0,8.72656862745097
1920,0,6.254705882352941
1921,0,11.242843137254901
1922,0,9.030980392156868
1923,0,4.767941176470584
1924,0,7.218823529411775
1925,0,7.095882352941186
1926,0,7.121960784313737
1927,0,4.5496078431372515
1928,0,5.060980392156859
1929,0,7.200980392156874
1930,0,7.234411764705894
1931,0,9.359509803921569
1932,0,9.496960784313723
1933,0,6.084999999999992
1934,0,9.491568627450965
1935,0,9.80411764705881
1936,0,9.155980392156849
1937,0,9.149411764705867
1938,0,9.147352941176456
1939,1,2.508712871287129
1940,89,12.055384615384614
1941,1,3.0056435643564363
1942,89,9.458461538461538
1943,89,7.826153846153847
1944,83,4.515789473684211
1945,89,7.826153846153847
1946,89,7.826153846153847
1947,7,10.74652631578948
1948,7,12.659789473684208
1949,89,11.23230769230769
1950,7,12.408947368421058
1951,89,19.450769230769225
1952,89,10.143846153846152
1953,7,12.158210526315786
1954,95,7.514285714285714
1955,7,10.1601052631579
1956,7,10.1601052631579
1957,7,10.1601052631579
1958,7,17.583684210526325
1959,7,1.3067368421052628
1960,89,9.688461538461537
1961,7,1.1682105263157896
1962,7,5.200736842105265
1963,7,14.274631578947348
1964,7,14.274631578947348
1965,7,15.510736842105263
1966,7,15.612105263157893
1967,7,0.8939999999999999
1968,7,1.4084210526315788
1969,7,1.6253684210526314
1970,7,3.7385263157894744
1971,89,7.913846153846156
1972,89,16.037692307692307
1973,7,7.263789473684201
1974,89,14.958461538461542
1975,7,0.6547368421052631
1976,1,21.242673267326705
1977,1,1.998712871287129
1978,89,9.644615384615385
1979,1,12.036039603960399
1980,1,12.31217821782177
1981,7,0.4370526315789473
1982,1,9.274851485148512
1983,1,9.07445544554454
1984,1,5.384752475247526
1985,1,6.182376237623755
1986,1,15.74742574257425
1987,1,0.7349504950495048
1988,1,6.127128712871286
1989,5,12.442061855670103
1990,5,16.52628865979381
1991,7,5.602315789473694
1992,95,11.464285714285714
1993,7,9.79863157894737
1994,1,22.478019801980196
1995,1,1.9124752475247526
1996,1,5.254158415841584
1997,7,1.1484210526315788
1998,7,1.0314736842105263
1999,7,10.733263157894738
2000,1,8.890396039603976
2001,1,1.22009900990099
2002,1,10.485544554455455
2003,3,15.523030303030314
2004,3,16.01707070707072
2005,3,16.082626262626274
2006,3,16.120808080808093
2007,1,5.239603960396034
2008,1,5.634257425742561
2009,1,8.742376237623773
2010,89,8.65076923076923
2011,1,12.14158415841583
2012,83,9.940526315789477
2013,1,7.677029702970288
2014,83,15.723684210526315
2015,1,11.500297029702963
2016,1,5.439207920792077
2017,95,13.879999999999999
2018,83,4.956842105263158
2019,7,12.019473684210528
2020,7,12.150947368421056
2021,0,1.5022549019607843
2022,1,9.366831683168305
2023,7,2.5049473684210515
2024,0,17.394803921568624
2025,0,21.99813725490196
2026,82,13.001499999999998
2027,0,11.950980392156865
2028,0,11.950980392156865
2029,0,11.950980392156865
2030,1,2.9285148514851493
2031,1,2.8612871287128714
2032,1,2.8612871287128714
2033,1,2.9285148514851493
2034,6,13.29010416666665
2035,0,13.256568627450974
2036,0,16.977745098039232
2037,6,1.6289583333333335
2038,6,1.6976041666666666
2039,6,1.6976041666666666
2040,6,2.567604166666667
2041,6,1.5259375000000002
2042,6,1.5259375000000002
2043,6,1.5259375000000002
2044,6,1.5259375000000002
2045,0,3.8674509803921593
2046,2,5.097800000000006
2047,7,7.185473684210536
2048,0,1.5881372549019608
2049,88,13.239285714285717
2050,6,2.6480208333333337
2051,6,8.032812500000018
2052,6,1.9663541666666664
2053,6,22.5353125
2054,6,22.157812499999995
2055,7,7.304210526315795
2056,2,13.030799999999997
2057,2,19.3417
2058,89,5.702307692307693
2059,7,6.483684210526311
2060,7,5.43810526315789
2061,0,15.379117647058827
2062,95,11.03
2063,0,12.760882352941167
2064,2,5.832699999999996
2065,0,7.306862745098044
2066,0,7.306862745098044
2067,95,9.947142857142856
2068,2,7.676300000000008
2069,7,18.566210526315786
2070,2,18.10120000000001
2071,95,12.839999999999998
2072,95,6.0200000000000005
2073,95,6.0200000000000005
2074,95,9.090000000000002
2075,95,8.64
2076,83,5.472105263157896
2077,1,8.43683168316833
2078,1,20.290198019802002
2079,95,5.880000000000001
2080,1,6.878217821782172
2081,89,4.1899999999999995
2082,89,3.479230769230769
2083,7,29.781894736842073
2084,89,5.971538461538462
2085,7,18.83610526315791
2086,89,6.702307692307693
2087,89,10.713846153846152
2088,89,10.713846153846152
2089,7,11.653157894736848
2090,89,10.193846153846152
2091,89,4.936923076923078
2092,7,12.065684210526316
2093,1,7.065544554455449
2094,1,7.065544554455449
2095,83,9.32421052631579
2096,83,9.188421052631577
2097,83,9.188421052631577
2098,83,6.5647368421052645
2099,83,6.5647368421052645
2100,89,8.535384615384615
2101,89,8.942307692307692
2102,83,6.612631578947368
2103,83,6.583157894736842
2104,89,12.203846153846152
2105,95,4.759999999999999
2106,95,3.8099999999999996
2107,95,7.104285714285714
2108,95,9.019999999999998
2109,89,3.9753846153846157
2110,89,12.553846153846154
2111,89,11.56230769230769
2112,95,6.29
2113,95,7.348571428571428
2114,95,8.497142857142856
2115,95,7.637142857142856
2116,95,7.44
2117,95,7.44
2118,95,7.44
2119,95,8.005714285714285
2120,95,8.005714285714285
2121,89,19.72230769230769
2122,95,6.96
2123,83,7.076842105263158
2124,95,6.142857142857143
2125,95,7.4157142857142855
2126,95,7.3999999999999995
2127,95,8.238571428571428
2128,89,8.085384615384614
2129,1,22.043960396039584
2130,1,21.97336633663364
2131,1,21.97336633663364
2132,1,21.97336633663364
2133,95,12.915714285714285
2134,95,12.045714285714286
2135,95,11.0
2136,95,13.680000000000003
2137,95,12.804285714285713
2138,95,7.455714285714286
2139,95,6.6571428571428575
2140,1,16.029009900990076
2141,1,17.804653465346533
2142,89,10.013076923076921
2143,89,7.329230769230768
2144,1,15.935643564356422
2145,95,11.94
2146,95,6.582857142857144
2147,95,8.24
2148,1,22.266732673267324
2149,6,9.520937500000024
2150,6,9.520937500000024
2151,1,16.275148514851498
2152,6,10.365208333333317
2153,6,13.961875000000012
2154,1,14.016435643564355
2155,1,14.016435643564355
2156,6,16.060937499999984
2157,1,19.860297029702977
2158,1,19.180990099009872
2159,3,15.970404040404064
2160,3,16.116565656565683
2161,3,17.87232323232323
2162,3,10.49575757575758
2163,3,12.378080808080792
2164,3,15.477575757575778
2165,7,15.706631578947379
2166,7,15.706631578947379
2167,7,15.706631578947379
2168,7,15.706631578947379
2169,7,9.971157894736825
2170,1,5.141782178217815
2171,1,6.254752475247523
2172,1,4.482079207920799
2173,1,11.628415841584161
2174,83,6.02
2175,7,19.167473684210524
2176,1,11.909009900990103
2177,1,2.384950495049503
2178,1,7.8359405940594025
2179,1,12.307722772277229
2180,1,9.367920792079202
2181,2,10.845299999999998
2182,2,9.828800000000001
2183,2,7.950700000000004
2184,2,7.9453000000000005
2185,82,8.7915
2186,89,7.941538461538462
2187,5,14.597113402061861
2188,5,14.597113402061861
2189,5,14.62835051546392
2190,0,10.949313725490196
2191,95,11.429999999999998
2192,89,7.429999999999999
2193,89,11.044615384615383
2194,89,10.055384615384618
2195,0,13.509607843137278
2196,1,19.638910891089093
2197,1,9.014554455445534
2198,1,16.06653465346535
2199,1,16.06653465346535
2200,1,15.986435643564358
2201,1,15.986435643564358
2202,0,7.420686274509798
2203,0,7.281568627450974
2204,0,7.135980392156857
2205,0,7.689901960784329
2206,90,4.515833333333334
2207,83,13.720526315789474
2208,83,15.156842105263161
2209,83,12.581578947368422
2210,83,12.581578947368422
2211,3,9.075959595959594
2212,1,9.866534653465328
2213,1,9.90594059405939
2214,1,13.96950495049506
2215,1,10.011782178217826
2216,1,9.720594059405943
2217,1,11.293861386138602
2218,1,13.741584158415836
2219,1,5.16049504950495
2220,1,12.487920792079196
2221,1,4.87564356435643
2222,1,11.69465346534654
2223,1,6.053069306930684
2224,7,10.892421052631567
2225,7,9.207789473684217
2226,7,14.937368421052613
2227,7,14.988105263157877
2228,7,0.6231578947368421
2229,7,0.8663157894736842
2230,7,1.1050526315789475
2231,7,0.9120000000000001
2232,7,10.034631578947378
2233,7,18.737894736842083
2234,95,10.407142857142858
2235,95,10.407142857142858
2236,1,10.773960396039591
2237,0,16.656862745098074
2238,7,6.182842105263153
2239,7,7.996631578947386
2240,7,8.052421052631594
2241,7,8.052421052631594
2242,7,8.052421052631594
2243,7,15.493684210526327
2244,7,15.568210526315804
2245,7,15.534526315789488
2246,6,29.461562499999967
2247,1,17.46792079207922
2248,1,20.650198019801948
2249,1,13.821287128712855
2250,1,12.060891089108912
2251,7,13.705157894736828
2252,83,7.8110526315789475
2253,1,11.027821782178199
2254,1,13.427425742574275
2255,89,4.350769230769231
2256,89,6.520769230769229
2257,7,4.632947368421054
2258,1,12.696831683168318
2259,89,9.447692307692309
2260,7,14.171368421052621
2261,7,14.282315789473671
2262,7,0.9956842105263157
2263,7,7.988105263157902
2264,7,11.066947368421058
2265,7,11.86284210526316
2266,7,0.854842105263158
2267,89,11.823846153846155
2268,1,14.588811881188128
2269,6,18.042708333333334
2270,85,11.22
2271,6,1.3916666666666666
2272,6,17.84104166666667
2273,1,9.87049504950495
2274,1,2.797524752475247
2275,83,9.819473684210521
2276,1,1.2486138613861386
2277,1,80.39821782178218
2278,1,1.494059405940594
2279,7,0.7669473684210526
2280,1,7.03009900990099
2281,89,6.341538461538462
2282,3,2.548686868686869
2283,1,14.077821782178244
2284,1,2.738712871287126
2285,1,6.969801980198011
2286,7,5.893578947368421
2287,7,5.893578947368421
2288,7,5.893578947368421
2289,7,8.372947368421064
2290,3,6.545151515151504
2291,3,6.548787878787866
2292,7,9.751052631578947
2293,7,3.972210526315789
2294,7,15.759263157894738
2295,7,15.759263157894738
2296,7,8.564631578947374
2297,7,10.534421052631588
2298,7,1.6351578947368421
2299,7,23.716315789473676
2300,7,5.773157894736835
2301,3,1.6745454545454552
2302,89,7.122307692307692
2303,89,7.542307692307693
2304,3,2.5534343434343434
2305,3,2.747777777777778
2306,3,7.590404040404048
2307,7,4.738947368421058
2308,1,6.499207920792074
2309,1,4.744950495049508
2310,1,4.748217821782182
2311,1,1.0262376237623758
2312,1,1.0262376237623758
2313,1,1.0262376237623758
2314,7,4.0324210526315785
2315,83,6.55736842105263
2316,1,10.512079207920777
2317,1,6.487029702970289
2318,1,6.384851485148509
2319,1,9.759504950495035
2320,1,8.819207920792074
2321,1,4.57138613861386
2322,1,4.57138613861386
2323,1,14.117920792079191
2324,1,12.620891089108909
2325,1,7.007227722772268
2326,7,5.305473684210534
2327,1,14.847920792079218
2328,1,10.779603960396042
2329,7,11.282526315789466
2330,7,12.623368421052637
2331,7,12.623368421052637
2332,1,8.872277227722767
2333,7,5.027578947368429
2334,3,14.981010101010126
2335,3,5.794444444444441
2336,1,12.523465346534666
2337,1,1.2390099009900992
2338,1,8.49188118811882
2339,83,12.01263157894737
2340,7,9.606315789473678
2341,1,6.5292079207920795
2342,7,11.840105263157877
2343,7,13.283263157894723
2344,1,10.062871287128715
2345,7,4.165157894736848
2346,1,4.051584158415835
2347,1,4.167722772277223
2348,1,4.802574257425737
2349,1,4.725049504950491
2350,1,5.057623762376233
2351,7,0.7385263157894738
2352,95,0.5957142857142858
2353,7,15.829473684210543
2354,7,15.829473684210543
2355,7,15.607157894736854
2356,7,15.665684210526328
2357,7,15.665684210526328
2358,7,15.848842105263174
2359,7,15.848842105263174
2360,7,21.845789473684214
2361,7,15.897263157894752
2362,7,23.328842105263156
2363,102,
2364,7,11.786526315789466
2365,7,20.702210526315813
2366,7,13.946842105263139
2367,7,7.527894736842096
2368,7,20.838842105263133
2369,7,9.112315789473692
2370,7,7.514315789473675
2371,7,7.505473684210517
2372,7,10.313473684210534
2373,7,4.606315789473676
2374,7,4.535052631578951
2375,7,4.535052631578951
2376,7,0.7507368421052633
2377,89,10.51230769230769
2378,7,9.958842105263157
2379,7,0.3683157894736842
2380,7,2.3561052631578936
2381,7,8.221368421052643
2382,7,4.03568421052631
2383,7,3.7078947368420994
2384,7,8.549789473684214
2385,7,5.87926315789474
2386,7,5.738631578947369
2387,7,8.813999999999988
2388,7,0.5947368421052632
2389,7,8.17263157894736
2390,7,8.17263157894736
2391,7,17.84715789473682
2392,7,6.024842105263156
2393,7,6.026105263157885
2394,7,6.026105263157885
2395,7,9.674315789473692
2396,7,0.8808421052631576
2397,7,0.8808421052631576
2398,7,3.1467368421052697
2399,7,4.948631578947365
2400,7,0.8592631578947368
2401,7,0.7692631578947369
2402,7,0.7692631578947369
2403,89,12.70692307692308
2404,89,4.2615384615384615
2405,89,4.2615384615384615
2406,89,4.2615384615384615
2407,89,3.5438461538461534
2408,89,6.722307692307693
2409,7,0.4141052631578947
2410,7,5.661368421052625
2411,7,7.413789473684223
2412,7,5.801473684210526
2413,7,1.5505263157894744
2414,7,8.422421052631572
2415,7,10.550842105263168
2416,89,3.2446153846153853
2417,89,3.2446153846153853
2418,89,3.2446153846153853
2419,7,6.488947368421052
2420,7,0.8944210526315789
2421,7,0.8944210526315789
2422,7,0.8944210526315789
2423,7,0.8196842105263157
2424,7,0.8196842105263157
2425,7,0.8196842105263157
2426,7,1.0233684210526315
2427,7,1.2036842105263155
2428,7,0.7227368421052631
2429,7,1.1426315789473684
2430,7,5.872526315789471
2431,7,9.69757894736842
2432,7,10.652736842105265
2433,7,18.010736842105274
2434,7,18.010736842105274
2435,7,0.9452631578947369
2436,7,7.311684210526316
2437,7,8.224526315789484
2438,7,6.148631578947367
2439,7,5.017052631578947
2440,7,12.389894736842102
2441,7,6.0848421052631565
2442,7,6.072421052631577
2443,7,6.072421052631577
2444,7,6.072421052631577
2445,7,3.6410526315789524
2446,7,9.833368421052633
2447,7,8.76294736842105
2448,7,13.202
2449,7,14.188526315789478
2450,7,14.151263157894737
2451,7,13.854210526315793
2452,7,5.781263157894738
2453,7,5.585368421052633
2454,89,6.067692307692307
2455,7,11.225894736842113
2456,7,7.608315789473695
2457,7,8.13000000000001
2458,7,0.6590526315789476
2459,7,6.732736842105259
2460,7,9.186210526315795
2461,7,3.1353684210526334
2462,7,7.513894736842113
2463,7,7.717157894736849
2464,7,7.717157894736849
2465,7,15.31547368421053
2466,7,15.31547368421053
2467,7,15.473473684210541
2468,7,8.169263157894745
2469,7,5.508105263157892
2470,7,0.19905263157894737
2471,7,0.19905263157894737
2472,7,0.19905263157894737
2473,7,5.505999999999995
2474,7,13.183052631578931
2475,7,1.8614736842105264
2476,7,1.8614736842105264
2477,7,1.8614736842105264
2478,7,11.888631578947368
2479,89,10.216153846153846
2480,7,15.487052631578948
2481,7,17.652947368421025
2482,7,4.525578947368425
2483,7,6.777684210526307
2484,7,6.83
2485,7,1.0703157894736839
2486,7,1.0703157894736839
2487,7,11.303578947368429
2488,7,11.716842105263156
2489,7,13.5456842105263
2490,7,10.595894736842116
2491,7,8.37936842105263
2492,7,12.30031578947367
2493,7,12.30031578947367
2494,7,14.868842105263168
2495,7,13.176526315789454
2496,7,27.403578947368423
2497,7,27.3581052631579
2498,7,27.3581052631579
2499,7,27.3581052631579
2500,7,27.3581052631579
2501,7,27.3581052631579
2502,7,4.011578947368421
2503,7,4.011578947368421
2504,7,15.368000000000002
2505,7,0.682
2506,7,9.102947368421054
2507,7,9.135684210526318
2508,7,6.8915789473684255
2509,7,11.96599999999999
2510,7,7.288421052631565
2511,7,10.038315789473694
2512,7,7.188210526315782
2513,7,7.2219999999999915
2514,7,16.181052631578954
2515,7,16.181052631578954
2516,7,11.316315789473672
2517,7,10.962947368421036
2518,7,10.962947368421036
2519,7,17.880315789473684
2520,7,8.891263157894736
2521,7,10.964736842105271
2522,7,12.341684210526308
2523,7,9.21052631578947
2524,7,11.715368421052633
2525,7,18.868105263157894
2526,7,0.5092631578947368
2527,7,0.8777894736842106
2528,7,9.508842105263158
2529,7,15.199789473684213
2530,7,0.4645263157894738
2531,7,12.472210526315793
2532,7,9.625894736842104
2533,7,10.466315789473684
2534,7,22.962526315789468
2535,7,1.1333684210526314
2536,7,9.589052631578932
2537,7,16.08368421052632
2538,7,10.461789473684199
2539,7,18.197157894736844
2540,7,18.197157894736844
2541,7,18.19147368421053
2542,7,18.05789473684211
2543,89,3.322307692307693
2544,89,3.322307692307693
2545,89,3.322307692307693
2546,89,3.322307692307693
2547,89,3.322307692307693
2548,89,3.322307692307693
2549,7,6.291263157894738
2550,1,18.917425742574256
2551,7,11.08294736842105
2552,7,1.3179999999999998
2553,7,9.438736842105264
2554,7,9.269894736842112
2555,7,1.1702105263157896
2556,1,14.414356435643564
2557,1,9.226633663366345
2558,7,11.082842105263161
2559,1,2.7899009900990097
2560,7,3.414315789473685
2561,1,8.261782178217828
2562,1,6.4833663366336625
2563,1,1.9454455445544552
2564,7,6.457684210526312
2565,7,10.284105263157908
2566,7,10.362421052631593
2567,7,10.362421052631593
2568,7,10.33326315789475
2569,1,5.682772277227724
2570,1,8.126930693069305
2571,7,13.823894736842089
2572,7,18.97463157894737
2573,6,3.760520833333336
2574,6,10.541770833333334
2575,6,2.219895833333332
2576,6,7.84375
2577,7,13.790105263157882
2578,6,3.6707291666666677
2579,6,1.4739583333333328
2580,7,20.596315789473653
2581,7,20.583999999999968
2582,7,1.1547368421052628
2583,7,2.4663157894736845
2584,7,0.4377894736842104
2585,7,13.812526315789457
2586,7,13.812526315789457
2587,7,13.812526315789457
2588,7,18.130631578947344
2589,7,11.80073684210526
2590,7,12.91084210526316
2591,7,13.179368421052637
2592,7,5.657894736842098
2593,7,11.157157894736836
2594,7,3.3708421052631588
2595,7,15.203052631578952
2596,7,1.2077894736842103
2597,7,1.0182105263157895
2598,7,0.39757894736842103
2599,7,0.5406315789473684
2600,7,18.648315789473685
2601,7,11.149368421052635
2602,7,0.2773684210526316
2603,7,0.5316842105263158
2604,7,14.058631578947386
2605,7,14.058631578947386
2606,7,18.143894736842107
2607,7,1.2149473684210528
2608,7,10.464421052631591
2609,6,13.349791666666652
2610,6,13.731770833333329
2611,6,10.481979166666655
2612,6,8.000520833333324
2613,6,10.50958333333334
2614,6,10.50958333333334
2615,7,0.3927368421052631
2616,7,8.591263157894737
2617,7,5.584631578947369
2618,6,13.972395833333339
2619,6,11.753749999999984
2620,7,0.30778947368421045
2621,6,4.18041666666666
2622,6,7.919479166666662
2623,6,19.193854166666664
2624,7,4.160421052631584
2625,7,0.6769473684210525
2626,7,11.068526315789484
2627,7,10.710421052631585
2628,7,6.799999999999992
2629,89,2.140769230769231
2630,89,2.140769230769231
2631,7,18.36894736842107
2632,7,9.3002105263158
2633,1,7.319504950495064
2634,1,7.403465346534655
2635,1,9.893168316831686
2636,7,9.784631578947367
2637,7,9.784631578947367
2638,7,9.784631578947367
2639,7,9.784631578947367
2640,7,9.784631578947367
2641,7,9.784631578947367
2642,83,4.3510526315789475
2643,1,9.185742574257441
2644,7,24.38915789473683
2645,6,2.7625000000000006
2646,6,5.65166666666666
2647,6,5.65166666666666
2648,6,1.0607291666666667
2649,6,5.1102083333333335
2650,7,13.601052631578929
2651,7,5.7192631578947335
2652,7,4.821368421052626
2653,7,1.027894736842105
2654,7,10.724947368421047
2655,7,7.374947368421065
2656,7,13.281157894736843
2657,7,2.9211578947368433
2658,7,2.9211578947368433
2659,7,23.07673684210526
2660,7,15.381578947368421
2661,7,18.711684210526318
2662,7,22.17705263157896
2663,7,1.479157894736842
2664,7,9.54515789473684
2665,7,9.54515789473684
2666,7,1.1451578947368422
2667,7,5.68978947368421
2668,7,0.8037894736842104
2669,7,6.02200000000001
2670,7,4.175157894736844
2671,89,17.531538461538464
2672,89,7.542307692307692
2673,89,4.801538461538461
2674,7,11.507684210526316
2675,7,11.693684210526298
2676,7,8.941157894736833
2677,7,7.127263157894743
2678,7,7.037789473684215
2679,7,6.349157894736833
2680,7,17.05894736842108
2681,7,8.337368421052627
2682,7,8.102736842105271
2683,7,2.1236842105263154
2684,7,0.6044210526315791
2685,7,11.968842105263143
2686,7,11.968842105263143
2687,7,11.968842105263143
2688,7,4.702526315789481
2689,7,0.3594736842105264
2690,7,0.3594736842105264
2691,7,4.442842105263164
2692,7,4.262947368421055
2693,7,3.952631578947369
2694,7,1.7409473684210528
2695,7,11.57063157894735
2696,7,0.9617894736842103
2697,7,9.504210526315788
2698,7,1.4931578947368418
2699,7,9.909578947368425
2700,7,7.834421052631577
2701,7,8.9321052631579
2702,7,6.734947368421049
2703,7,12.057368421052635
2704,7,12.057368421052635
2705,7,0.6782105263157896
2706,7,7.506631578947381
2707,7,2.1820000000000004
2708,7,10.811157894736825
2709,7,10.811157894736825
2710,7,1.7553684210526317
2711,7,14.716421052631581
2712,7,1.4709473684210528
2713,7,86.53578947368419
2714,7,4.8295789473684145
2715,7,7.978947368421069
2716,7,12.849157894736857
2717,7,8.975684210526321
2718,7,1.1028421052631578
2719,7,6.590315789473683
2720,7,4.585157894736846
2721,7,4.585157894736846
2722,7,17.14557894736843
2723,7,4.26021052631579
2724,7,4.38578947368421
2725,7,15.764842105263158
2726,7,24.161684210526314
2727,7,5.239473684210535
2728,7,11.40042105263158
2729,7,1.5054736842105265
2730,7,0.36368421052631583
2731,7,20.671263157894757
2732,7,15.512105263157894
2733,7,19.083052631578948
2734,7,13.956842105263156
2735,7,18.38031578947368
2736,89,5.126153846153845
2737,7,13.578947368421042
2738,7,1.7229473684210528
2739,7,5.646421052631573
2740,89,4.25923076923077
2741,7,18.938526315789478
2742,7,10.927684210526307
2743,7,12.90115789473684
2744,7,14.244421052631587
2745,1,3.421782178217821
2746,7,13.267578947368433
2747,7,13.267578947368433
2748,1,1.583366336633664
2749,7,11.782105263157892
2750,7,23.865684210526293
2751,7,23.781999999999975
2752,7,9.413052631578944
2753,7,9.57915789473685
2754,7,33.01357894736844
2755,6,8.029166666666677
2756,6,0.8942708333333336
2757,6,0.8942708333333336
2758,6,0.8942708333333336
2759,6,9.34395833333335
2760,7,1.0653684210526317
2761,7,11.516526315789482
2762,7,10.089157894736868
2763,7,0.886
2764,95,3.788571428571428
2765,89,3.255384615384616
2766,6,10.420312500000014
2767,6,10.463750000000012
2768,6,10.350312500000014
2769,6,10.354583333333345
2770,6,10.350312500000014
2771,6,10.350312500000014
2772,6,10.350312500000014
2773,6,10.350312500000014
2774,6,10.350312500000014
2775,1,1.7506930693069302
2776,1,7.609801980198036
2777,1,12.571287128712886
2778,1,10.889603960396025
2779,1,81.44623762376237
2780,1,80.66316831683167
2781,1,80.71336633663364
2782,1,80.66316831683167
2783,1,80.66316831683167
2784,1,80.66316831683167
2785,1,80.66316831683167
2786,1,8.484851485148528
2787,1,17.045841584158428
2788,1,12.804059405940574
2789,1,14.855148514851495
2790,1,14.855148514851495
2791,1,6.902871287128724
2792,1,11.787029702970301
2793,1,12.16732673267327
2794,1,12.927326732673265
2795,1,12.927326732673265
2796,1,12.927326732673265
2797,1,12.927326732673265
2798,1,1.096138613861386
2799,1,15.367029702970308
2800,1,1.5577227722772276
2801,1,11.564851485148512
2802,7,9.798631578947353
2803,7,0.9470526315789474
2804,89,7.726923076923078
2805,89,7.562307692307693
2806,7,15.594631578947368
2807,7,6.240947368421051
2808,7,1.6959999999999997
2809,7,1.652947368421053
2810,7,4.317157894736843
2811,7,4.673473684210525
2812,7,44.483999999999995
2813,7,15.567789473684211
2814,7,15.18821052631579
2815,7,14.934210526315788
2816,7,0.6248421052631579
2817,7,0.5158947368421053
2818,7,15.116526315789471
2819,7,15.116526315789471
2820,7,11.459894736842129
2821,7,11.28031578947367
2822,7,5.708947368421046
2823,7,23.35473684210526
2824,7,23.057894736842105
2825,89,8.706153846153848
2826,7,1.0897894736842106
2827,7,1.1698947368421053
2828,1,34.356732673267324
2829,1,1.2735643564356436
2830,83,12.267894736842104
2831,89,8.821538461538465
2832,89,6.179230769230769
2833,89,9.781538461538462
2834,83,7.754736842105262
2835,83,9.61421052631579
2836,83,9.246842105263156
2837,1,10.38217821782179
2838,7,1.4831578947368422
2839,6,22.48604166666667
2840,6,10.348750000000003
2841,7,5.207052631578947
2842,7,18.24136842105263
2843,1,1.7089108910891098
2844,6,6.954062499999999
2845,7,11.678000000000003
2846,7,5.516105263157894
2847,1,10.878613861386137
2848,1,16.975346534653465
2849,1,1.095940594059406
2850,1,1.5862376237623765
2851,1,1.5862376237623765
2852,7,1.1342105263157896
2853,89,6.789230769230769
2854,89,6.64
2855,89,6.64
2856,83,11.57
2857,89,7.970769230769232
2858,89,8.865384615384617
2859,89,5.262307692307692
2860,7,1.6625263157894736
2861,7,1.426
2862,7,29.49178947368418
2863,7,14.266421052631562
2864,7,10.768105263157915
2865,7,1.3226315789473684
2866,7,1.6273684210526311
2867,89,6.016923076923077
2868,89,8.21076923076923
2869,89,4.44
2870,89,7.790769230769232
2871,7,16.704315789473704
2872,7,6.780947368421053
2873,7,6.780947368421053
2874,7,6.780947368421053
2875,7,25.32221052631579
2876,6,12.17697916666665
2877,6,5.542500000000012
2878,6,8.284479166666687
2879,6,15.37895833333336
2880,6,17.443333333333346
2881,6,14.650937499999971
2882,6,13.550937500000003
2883,6,12.422708333333338
2884,6,13.811875
2885,7,1.1882105263157894
2886,7,1.1536842105263156
2887,7,1.7838947368421059
2888,7,1.7838947368421059
2889,7,1.7838947368421059
2890,7,1.7838947368421059
2891,89,8.959999999999999
2892,7,1.7917894736842102
2893,7,1.2909473684210524
2894,7,1.2867368421052634
2895,7,1.2781052631578949
2896,7,1.2910526315789477
2897,1,10.193663366336631
2898,1,7.470891089108927
2899,6,8.881041666666674
2900,1,7.824158415841595
2901,1,12.10257425742574
2902,1,10.137326732673246
2903,1,5.102673267326727
2904,1,8.222970297029715
2905,89,10.784615384615384
2906,6,9.825937500000016
2907,7,12.774631578947353
2908,6,13.991562499999999
2909,7,0.7222105263157894
2910,7,14.270210526315793
2911,6,17.457708333333304
2912,7,10.807052631578959
2913,7,10.240736842105273
2914,7,22.550105263157896
2915,7,12.623052631578952
2916,7,29.62284210526313
2917,7,16.648631578947374
2918,7,16.648631578947374
2919,6,1.375
2920,6,1.0657291666666668
2921,6,0.8806250000000001
2922,6,5.798437500000001
2923,6,5.541458333333335
2924,6,5.826458333333332
2925,6,6.547187499999996
2926,89,5.216153846153846
2927,89,7.81769230769231
2928,6,5.783958333333344
2929,6,9.095416666666667
2930,6,15.614270833333348
2931,7,4.7856842105263215
2932,7,11.889263157894735
2933,7,13.982421052631597
2934,7,0.7865263157894735
2935,7,0.7310526315789474
2936,7,1.0881052631578947
2937,6,5.483229166666674
2938,7,6.857368421052631
2939,7,4.990105263157896
2940,6,1.1513541666666665
2941,6,5.90520833333333
2942,6,1.0802083333333334
2943,6,11.26822916666667
2944,7,0.3333684210526316
2945,6,13.265208333333328
2946,7,13.369999999999981
2947,6,10.878125000000013
2948,7,1.1193684210526316
2949,6,16.326666666666682
2950,7,18.46042105263157
2951,7,13.493473684210535
2952,7,13.424842105263162
2953,7,7.1904210526315735
2954,7,11.364421052631576
2955,6,15.978854166666665
2956,6,13.771875
2957,6,16.31145833333331
2958,6,10.00593749999999
2959,7,3.1978947368421053
2960,7,12.299578947368406
2961,7,5.612105263157894
2962,7,9.504947368421057
2963,7,12.270842105263144
2964,7,18.134736842105266
2965,7,18.134736842105266
2966,7,9.04621052631578
2967,7,8.904105263157902
2968,6,6.020416666666663
2969,6,6.020416666666663
2970,6,2.6261458333333345
2971,6,21.47604166666665
2972,6,20.914479166666663
2973,6,20.64354166666666
2974,6,4.5028125
2975,6,8.180937500000008
2976,6,8.177916666666677
2977,7,16.525578947368395
2978,6,13.099895833333337
2979,6,6.760416666666663
2980,7,1.0066315789473683
2981,6,8.938645833333347
2982,6,24.249999999999996
2983,6,4.969270833333328
2984,6,4.937395833333327
2985,6,14.821666666666651
2986,6,14.804062499999995
2987,6,35.78916666666667
2988,6,13.08999999999998
2989,6,8.673750000000005
2990,6,8.269375000000004
2991,6,9.945833333333331
2992,6,9.828541666666665
2993,6,18.605
2994,6,25.15229166666666
2995,6,8.873854166666673
2996,6,9.01427083333334
2997,6,10.929479166666672
2998,6,10.929479166666672
2999,6,10.929479166666672
3000,6,10.929479166666672
3001,6,10.929479166666672
3002,6,10.929479166666672
3003,6,10.929479166666672
3004,6,10.929479166666672
3005,6,10.929479166666672
3006,6,10.929479166666672
3007,6,15.96895833333334
3008,7,11.666736842105264
3009,6,7.524895833333329
3010,6,16.32395833333334
3011,7,0.3028421052631579
3012,7,15.378526315789486
3013,7,12.83905263157895
3014,7,4.8722105263157935
3015,7,9.984842105263155
3016,7,15.527684210526312
3017,95,8.477142857142857
3018,7,18.09410526315787
3019,7,8.821157894736837
3020,7,9.221578947368428
3021,7,6.0110526315789405
3022,7,6.0110526315789405
3023,95,2.1457142857142855
3024,7,10.88315789473684
3025,7,6.526842105263155
3026,7,6.711052631578946
3027,6,1.7697916666666667
3028,6,11.374375000000002
3029,6,13.736249999999998
3030,6,1.8722916666666667
3031,6,29.67062499999997
3032,6,14.031874999999983
3033,6,22.363020833333326
3034,6,0.2933333333333333
3035,6,0.2933333333333333
3036,6,0.2933333333333333
3037,6,0.2933333333333333
3038,7,10.825052631578956
3039,7,8.548210526315792
3040,7,0.9656842105263156
3041,7,0.38747368421052636
3042,7,0.8824210526315788
3043,7,0.8829473684210526
3044,6,0.46291666666666664
3045,6,3.9322916666666665
3046,6,14.484791666666666
3047,6,5.8573958333333325
3048,6,17.67958333333333
3049,7,7.521789473684201
3050,7,9.151473684210533
3051,89,7.661538461538461
3052,6,2.856979166666664
3053,6,7.101458333333323
3054,7,1.3035789473684207
3055,6,8.00500000000001
3056,6,0.6726041666666666
3057,6,0.6656249999999999
3058,6,8.135937500000017
3059,6,19.18541666666668
3060,6,15.03750000000001
3061,6,12.683229166666676
3062,7,0.9923157894736844
3063,7,0.5401052631578949
3064,7,9.615789473684236
3065,7,11.945263157894738
3066,7,0.6155789473684211
3067,7,10.426526315789483
3068,7,0.9560000000000001
3069,7,14.418210526315788
3070,7,12.297368421052639
3071,7,8.205052631578964
3072,7,14.321894736842115
3073,7,12.166526315789474
3074,7,9.299789473684218
3075,7,1.600421052631579
3076,7,15.686842105263159
3077,7,6.808210526315785
3078,7,6.5212631578947295
3079,7,0.4875789473684212
3080,7,1.5774736842105264
3081,95,7.632857142857143
3082,89,9.584615384615384
3083,7,9.884631578947362
3084,7,5.019052631578949
3085,7,5.019052631578949
3086,7,5.019052631578949
3087,7,5.019052631578949
3088,6,5.486562499999995
3089,6,5.486562499999995
3090,6,15.357708333333347
3091,7,0.6194736842105265
3092,7,0.6194736842105265
3093,7,0.6194736842105265
3094,6,17.996770833333347
3095,6,18.980937500000014
3096,6,4.576875000000005
3097,6,7.958854166666665
3098,95,10.0
3099,6,18.34864583333332
3100,6,9.799479166666666
3101,6,13.070000000000002
3102,6,10.46677083333334
3103,6,17.930312500000028
3104,6,7.092499999999993
3105,7,0.36894736842105275
3106,7,10.753684210526302
3107,7,11.370210526315779
3108,7,5.535052631578951
3109,7,5.535052631578951
3110,7,9.390105263157883
3111,7,11.228526315789459
3112,7,18.25484210526317
